{
    "Defaults": {
        "Pastel": {
            "Colors": [
                "#BDD0C4",
                "#9AB7D3",
                "#F5D2D3",
                "#F7E1D3",
                "#DFCCF1"
            ],
            "Grayscale Breaks": [
                0.0,
                51.0,
                102.0,
                153.0,
                204.0,
                255.0
            ]
        },
        "Neon": {
            "Colors": [
                "#FF1178",
                "#FE0000",
                "#FFF205",
                "#01FFF4",
                "#7CFF01"
            ],
            "Grayscale Breaks": [
                0.0,
                51.0,
                102.0,
                153.0,
                204.0,
                255.0
            ]
        },
        "Rainbow": {
            "Colors": [
                "#FC2847",
                "#FFA343",
                "#FDFC74",
                "#71BC78",
                "#0F4C81",
                "#7442C8",
                "#FB7EFD"
            ],
            "Grayscale Breaks": [
                0.0,
                36.4285714286,
                72.8571428571,
                109.285714286,
                145.714285714,
                182.142857143,
                218.571428571,
                255.0
            ]
        },
        "Cool Breeze": {
            "Colors": [
                "#1ccef4",
                "#61e0fc",
                "#c1f1ff"
            ],
            "Grayscale Breaks": [
                0.0,
                85,
                170.0,
                255
            ]
        },
        "Pink Shift": {
            "Colors": [
                "#F78F82",
                "#F57B81",
                "#F06493",
                "#EE4SS0",
                "#C11E91"
            ],
            "Grayscale Breaks": [
                0.0,
                51.0,
                102.0,
                153.0,
                204.0,
                255.0
            ]
        },
        "Retro": {
            "Colors": [
                "#427c9b",
                "#db886c",
                "#f3f3ed",
                "#daebd8"
            ],
            "Grayscale Breaks": [
                0.0,
                63.75,
                127.5,
                191.25,
                255
            ]
        },
        "Stary Sunset": {
            "Colors": [
                "#f4d593",
                "#e77561",
                "#d6a9ba",
                "#9d98b8",
                "#93a7c6"
            ],
            "Grayscale Breaks": [
                0.0,
                51.0,
                102.0,
                153.0,
                204.0,
                255.0
            ]
        },
        "Watermelon": {
            "Colors": [
                "#FE657D",
                "#FCB2A9",
                "#E3E3DB",
                "#94E4C9",
                "#509B7D"
            ],
            "Grayscale Breaks": [
                0.0,
                51.0,
                102.0,
                153.0,
                204.0,
                255.0
            ]
        },
        "Antique": {
            "Colors": [
                "#151E3F",
                "#030027",
                "#F2F3D9",
                "#DC9E82",
                "#C16370"
            ],
            "Grayscale Breaks": [
                0.0,
                51.0,
                102.0,
                153.0,
                204.0,
                255.0
            ]
        },
        "Beach": {
            "Colors": [
                "#FF9F1C",
                "#FFBF69",
                "#FFFFFF",
                "#CBF3F0",
                "#2EC4B6"
            ],
            "Grayscale Breaks": [
                0.0,
                51.0,
                102.0,
                153.0,
                204.0,
                255.0
            ]
        },
        "Gelato": {
            "Colors": [
                "#9AD2CB",
                "#E7EBBA",
                "#FEFFBE",
                "#EBD494",
                "#472836"
            ],
            "Grayscale Breaks": [
                0.0,
                51.0,
                102.0,
                153.0,
                204.0,
                255.0
            ]
        },
        "Cool Colors": {
            "Colors": [
                "#89457F",
                "#454A89",
                "#56A36B",
                "#438789",
                "#8B55A3"
            ],
            "Grayscale Breaks": [
                0.0,
                51.0,
                102.0,
                153.0,
                204.0,
                255.0
            ]
        },
        "Warm Colors": {
            "Colors": [
                "#FAD089",
                "#FF9C5B",
                "#F5734A",
                "#ED303C",
                "#750907"
            ],
            "Grayscale Breaks": [
                0.0,
                51.0,
                102.0,
                153.0,
                204.0,
                255.0
            ]
        }
    },
    "Created": {}
}